﻿<AML>
 <Item type="ItemType" id="6B93DA5BD8244BE2BD64102976A4340F" action="add">
  <allow_private_permission>1</allow_private_permission>
  <auto_search>1</auto_search>
  <enforce_discovery>1</enforce_discovery>
  <hide_where_used>0</hide_where_used>
  <history_template keyed_name="Default" type="History Template">3BC16EF9E52B4F9792AB76BCE0492F29</history_template>
  <implementation_type>table</implementation_type>
  <instance_data>STUDENT_MARK</instance_data>
  <is_dependent>0</is_dependent>
  <is_relationship>0</is_relationship>
  <is_versionable>0</is_versionable>
  <label xml:lang="en">Student Mark</label>
  <label_plural xml:lang="en">Student Marks</label_plural>
  <large_icon>../Images/BusinessCalendarYear.svg</large_icon>
  <open_icon>../Images/BusinessCalendarYear.svg</open_icon>
  <revisions keyed_name="Default" type="Revision">7FE395DD8B9F4E1090756A34B733D75E</revisions>
  <show_parameters_tab>1</show_parameters_tab>
  <structure_view>tabs on</structure_view>
  <unlock_on_logout>0</unlock_on_logout>
  <use_src_access>0</use_src_access>
  <name>Student Mark</name>
  <Relationships>
   <Item type="ITPresentationConfiguration" id="54EB6B8F3B07CBC16B77D6069BFA2DFF" action="add">
    <client>js</client>
    <related_id keyed_name="Student Mark_TOC_Configuration" type="PresentationConfiguration">54EB6B8F3B07CBC136326AA7318BB90D</related_id>
    <sort_order>128</sort_order>
    <source_id keyed_name="Student Mark" type="ItemType" name="Student Mark">6B93DA5BD8244BE2BD64102976A4340F</source_id>
   </Item>
   <Item type="Property" id="0DA4EBB1D2A54FA8B2CEEC4C00D7DD3B" action="add">
    <column_alignment>left</column_alignment>
    <data_type>string</data_type>
    <is_hidden>0</is_hidden>
    <is_hidden2>0</is_hidden2>
    <is_indexed>0</is_indexed>
    <is_keyed>0</is_keyed>
    <is_multi_valued>0</is_multi_valued>
    <is_required>0</is_required>
    <label xml:lang="en">grade</label>
    <range_inclusive>0</range_inclusive>
    <readonly>0</readonly>
    <sort_order>4352</sort_order>
    <source_id keyed_name="Student Mark" type="ItemType" name="Student Mark">6B93DA5BD8244BE2BD64102976A4340F</source_id>
    <stored_length>100</stored_length>
    <track_history>0</track_history>
    <name>grade</name>
   </Item>
   <Item type="Property" id="AD001D4A94C94100B4ACAACB299E9C5E" action="add">
    <column_alignment>left</column_alignment>
    <data_type>integer</data_type>
    <is_hidden>0</is_hidden>
    <is_hidden2>0</is_hidden2>
    <is_indexed>0</is_indexed>
    <is_keyed>0</is_keyed>
    <is_multi_valued>0</is_multi_valued>
    <is_required>0</is_required>
    <label xml:lang="en">English</label>
    <range_inclusive>0</range_inclusive>
    <readonly>0</readonly>
    <sort_order>3840</sort_order>
    <source_id keyed_name="Student Mark" type="ItemType" name="Student Mark">6B93DA5BD8244BE2BD64102976A4340F</source_id>
    <track_history>0</track_history>
    <name>mark_english</name>
   </Item>
   <Item type="Property" id="5ECFC4DCCD2A4CD780A2CAA96568C24D" action="add">
    <column_alignment>left</column_alignment>
    <data_type>integer</data_type>
    <is_hidden>0</is_hidden>
    <is_hidden2>0</is_hidden2>
    <is_indexed>0</is_indexed>
    <is_keyed>0</is_keyed>
    <is_multi_valued>0</is_multi_valued>
    <is_required>0</is_required>
    <label xml:lang="en">Hindi</label>
    <range_inclusive>0</range_inclusive>
    <readonly>0</readonly>
    <sort_order>3968</sort_order>
    <source_id keyed_name="Student Mark" type="ItemType" name="Student Mark">6B93DA5BD8244BE2BD64102976A4340F</source_id>
    <track_history>0</track_history>
    <name>mark_hindi</name>
   </Item>
   <Item type="Property" id="95575D4DC2FB4E9EA32F678C9229331C" action="add">
    <column_alignment>left</column_alignment>
    <data_type>integer</data_type>
    <is_hidden>0</is_hidden>
    <is_hidden2>0</is_hidden2>
    <is_indexed>0</is_indexed>
    <is_keyed>0</is_keyed>
    <is_multi_valued>0</is_multi_valued>
    <is_required>0</is_required>
    <label xml:lang="en">History</label>
    <range_inclusive>0</range_inclusive>
    <readonly>0</readonly>
    <sort_order>3584</sort_order>
    <source_id keyed_name="Student Mark" type="ItemType" name="Student Mark">6B93DA5BD8244BE2BD64102976A4340F</source_id>
    <track_history>0</track_history>
    <name>mark_history</name>
   </Item>
   <Item type="Property" id="4B423FFE3FA84B1E968205CDD42BF108" action="add">
    <column_alignment>left</column_alignment>
    <data_type>integer</data_type>
    <is_hidden>0</is_hidden>
    <is_hidden2>0</is_hidden2>
    <is_indexed>0</is_indexed>
    <is_keyed>0</is_keyed>
    <is_multi_valued>0</is_multi_valued>
    <is_required>0</is_required>
    <label xml:lang="en">Marathi</label>
    <range_inclusive>0</range_inclusive>
    <readonly>0</readonly>
    <sort_order>4096</sort_order>
    <source_id keyed_name="Student Mark" type="ItemType" name="Student Mark">6B93DA5BD8244BE2BD64102976A4340F</source_id>
    <track_history>0</track_history>
    <name>mark_marathi</name>
   </Item>
   <Item type="Property" id="B2E93D837C534874B06476B2AAA92C52" action="add">
    <column_alignment>left</column_alignment>
    <data_type>integer</data_type>
    <is_hidden>0</is_hidden>
    <is_hidden2>0</is_hidden2>
    <is_indexed>0</is_indexed>
    <is_keyed>0</is_keyed>
    <is_multi_valued>0</is_multi_valued>
    <is_required>0</is_required>
    <label xml:lang="en">Math</label>
    <range_inclusive>0</range_inclusive>
    <readonly>0</readonly>
    <sort_order>3456</sort_order>
    <source_id keyed_name="Student Mark" type="ItemType" name="Student Mark">6B93DA5BD8244BE2BD64102976A4340F</source_id>
    <track_history>0</track_history>
    <name>mark_math</name>
   </Item>
   <Item type="Property" id="310B603D39C745F4B341D5B227BDAE17" action="add">
    <column_alignment>left</column_alignment>
    <data_source>
     <Item type="Property" action="get" select="id">
      <name>mark_student</name>
      <source_id>6B93DA5BD8244BE2BD64102976A4340F</source_id>
     </Item>
    </data_source>
    <data_type>foreign</data_type>
    <foreign_property>
     <Item type="Property" action="get" select="id">
      <keyed_name>stud_name</keyed_name>
      <source_id>
       <Item type="ItemType" action="get" select="id">
        <name>Student</name>
       </Item>
      </source_id>
     </Item>
    </foreign_property>
    <is_hidden>0</is_hidden>
    <is_hidden2>0</is_hidden2>
    <is_indexed>0</is_indexed>
    <is_keyed>0</is_keyed>
    <is_multi_valued>0</is_multi_valued>
    <is_required>0</is_required>
    <label xml:lang="en">Student Name</label>
    <range_inclusive>0</range_inclusive>
    <readonly>0</readonly>
    <sort_order>3200</sort_order>
    <source_id keyed_name="Student Mark" type="ItemType" name="Student Mark">6B93DA5BD8244BE2BD64102976A4340F</source_id>
    <track_history>0</track_history>
    <name>mark_name</name>
   </Item>
   <Item type="Property" id="45AA172546B743B1ADAED1129E5B4699" action="add">
    <column_alignment>left</column_alignment>
    <data_source>
     <Item type="Property" action="get" select="id">
      <name>mark_student</name>
      <source_id>6B93DA5BD8244BE2BD64102976A4340F</source_id>
     </Item>
    </data_source>
    <data_type>foreign</data_type>
    <foreign_property>
     <Item type="Property" action="get" select="id">
      <keyed_name>stud_rollno</keyed_name>
      <source_id>
       <Item type="ItemType" action="get" select="id">
        <name>Student</name>
       </Item>
      </source_id>
     </Item>
    </foreign_property>
    <is_hidden>0</is_hidden>
    <is_hidden2>0</is_hidden2>
    <is_indexed>0</is_indexed>
    <is_keyed>0</is_keyed>
    <is_multi_valued>0</is_multi_valued>
    <is_required>0</is_required>
    <label xml:lang="en">Student Rollno</label>
    <range_inclusive>0</range_inclusive>
    <readonly>0</readonly>
    <sort_order>3328</sort_order>
    <source_id keyed_name="Student Mark" type="ItemType" name="Student Mark">6B93DA5BD8244BE2BD64102976A4340F</source_id>
    <track_history>0</track_history>
    <name>mark_rollno</name>
   </Item>
   <Item type="Property" id="F784EC26981545E2BC075D9BAD4DE985" action="add">
    <column_alignment>left</column_alignment>
    <data_type>integer</data_type>
    <is_hidden>0</is_hidden>
    <is_hidden2>0</is_hidden2>
    <is_indexed>0</is_indexed>
    <is_keyed>0</is_keyed>
    <is_multi_valued>0</is_multi_valued>
    <is_required>0</is_required>
    <label xml:lang="en">Science</label>
    <range_inclusive>0</range_inclusive>
    <readonly>0</readonly>
    <sort_order>3712</sort_order>
    <source_id keyed_name="Student Mark" type="ItemType" name="Student Mark">6B93DA5BD8244BE2BD64102976A4340F</source_id>
    <track_history>0</track_history>
    <name>mark_science</name>
   </Item>
   <Item type="Property" id="65A3F84DD7D9471BB2CCB9878B7FD3A5" action="add">
    <column_alignment>left</column_alignment>
    <data_source keyed_name="Student" type="ItemType" name="Student">8E4501618F144F7D9B2D04E91ED26FF9</data_source>
    <data_type>item</data_type>
    <is_hidden>0</is_hidden>
    <is_hidden2>0</is_hidden2>
    <is_indexed>0</is_indexed>
    <is_keyed>0</is_keyed>
    <is_multi_valued>0</is_multi_valued>
    <is_required>0</is_required>
    <label xml:lang="en">Student</label>
    <range_inclusive>0</range_inclusive>
    <readonly>0</readonly>
    <sort_order>3072</sort_order>
    <source_id keyed_name="Student Mark" type="ItemType" name="Student Mark">6B93DA5BD8244BE2BD64102976A4340F</source_id>
    <track_history>0</track_history>
    <name>mark_student</name>
    <Relationships>
     <Item type="Grid Event" id="5B5EE4E61F2744E683D9D594A528185F" action="add">
      <grid_event>onsearchdialog</grid_event>
      <related_id keyed_name="search criteria" type="Method">
       <Item type="Method" action="get" select="id">
        <name>search criteria</name>
       </Item>
      </related_id>
      <sort_order>128</sort_order>
      <source_id keyed_name="mark_student" type="Property">65A3F84DD7D9471BB2CCB9878B7FD3A5</source_id>
     </Item>
    </Relationships>
   </Item>
   <Item type="Property" id="8E636F67407D44EBAC852D457A881E7D" action="add">
    <column_alignment>left</column_alignment>
    <data_type>decimal</data_type>
    <is_hidden>0</is_hidden>
    <is_hidden2>0</is_hidden2>
    <is_indexed>0</is_indexed>
    <is_keyed>0</is_keyed>
    <is_multi_valued>0</is_multi_valued>
    <is_required>0</is_required>
    <label xml:lang="en">Percentage</label>
    <range_inclusive>0</range_inclusive>
    <readonly>0</readonly>
    <sort_order>4224</sort_order>
    <source_id keyed_name="Student Mark" type="ItemType" name="Student Mark">6B93DA5BD8244BE2BD64102976A4340F</source_id>
    <track_history>0</track_history>
    <name>percentage</name>
   </Item>
   <Item type="View" id="3DBF218CD24E48BFAB6E7CA4E14BCB24" action="add">
    <client>js</client>
    <related_id keyed_name="Student Mark" type="Form">71FDBA385DBA4A549E2C3E6587DD7316</related_id>
    <role keyed_name="World" type="Identity">
     <Item type="Identity" action="get" select="id">
      <name>World</name>
     </Item>
    </role>
    <show_ssvc>0</show_ssvc>
    <sort_order>128</sort_order>
    <source_id keyed_name="Student Mark" type="ItemType" name="Student Mark">6B93DA5BD8244BE2BD64102976A4340F</source_id>
    <type>default</type>
   </Item>
   <Item type="Server Event" id="8D039B0FCCE84E96A002FB83CCE8A885" action="add">
    <event_version>version_1</event_version>
    <is_required>0</is_required>
    <related_id keyed_name="Student Mark" type="Method">
     <Item type="Method" action="get" select="id">
      <name>Student Mark</name>
     </Item>
    </related_id>
    <sort_order>128</sort_order>
    <source_id keyed_name="Student Mark" type="ItemType" name="Student Mark">6B93DA5BD8244BE2BD64102976A4340F</source_id>
   </Item>
   <Item type="Server Event" id="7A2DEF4E31B94DFB88294768F2005D1E" action="add">
    <event_version>version_1</event_version>
    <is_required>0</is_required>
    <related_id keyed_name="student_gradepercent" type="Method">
     <Item type="Method" action="get" select="id">
      <name>student_gradepercent</name>
     </Item>
    </related_id>
    <sort_order>256</sort_order>
    <source_id keyed_name="Student Mark" type="ItemType" name="Student Mark">6B93DA5BD8244BE2BD64102976A4340F</source_id>
   </Item>
   <Item type="Item Action" id="E1ECAADFB5394C85B4F5038C81810A50" action="add">
    <related_id keyed_name="Calculator" type="Action">80429278D559450DB70E7FC2A2D26279</related_id>
    <sort_order>128</sort_order>
    <source_id keyed_name="Student Mark" type="ItemType" name="Student Mark">6B93DA5BD8244BE2BD64102976A4340F</source_id>
   </Item>
   <Item type="TOC Access" id="31E84FBA8D0D4D9888F9BB767147836E" action="add">
    <related_id keyed_name="Principal" type="Identity">1179A2AC91254D92BF6511454CE5F9F5</related_id>
    <sort_order>128</sort_order>
    <source_id keyed_name="Student Mark" type="ItemType" name="Student Mark">6B93DA5BD8244BE2BD64102976A4340F</source_id>
   </Item>
   <Item type="TOC Access" id="84EB154209C04BAA872C96E2FE6D9C95" action="add">
    <related_id keyed_name="Teacher" type="Identity">72FE0DEC0C74412291CD71C88A323BFB</related_id>
    <sort_order>256</sort_order>
    <source_id keyed_name="Student Mark" type="ItemType" name="Student Mark">6B93DA5BD8244BE2BD64102976A4340F</source_id>
   </Item>
   <Item type="TOC View" id="FDBD6E4BAE2C4205BC2B69EFEC22E729" action="add">
    <related_id keyed_name="Teacher" type="Identity">72FE0DEC0C74412291CD71C88A323BFB</related_id>
    <sort_order>128</sort_order>
    <source_id keyed_name="Student Mark" type="ItemType" name="Student Mark">6B93DA5BD8244BE2BD64102976A4340F</source_id>
   </Item>
   <Item type="TOC View" id="B6F9293350324FA487C9F8A0355B613B" action="add">
    <related_id keyed_name="Principal" type="Identity">1179A2AC91254D92BF6511454CE5F9F5</related_id>
    <sort_order>256</sort_order>
    <source_id keyed_name="Student Mark" type="ItemType" name="Student Mark">6B93DA5BD8244BE2BD64102976A4340F</source_id>
   </Item>
   <Item type="Client Event" id="86C18588C870440ABF18763204C1B9FF" action="add">
    <related_id keyed_name="Percent Calculator" type="Method">
     <Item type="Method" action="get" select="id">
      <name>Percent Calculator</name>
     </Item>
    </related_id>
    <sort_order>128</sort_order>
    <source_id keyed_name="Student Mark" type="ItemType" name="Student Mark">6B93DA5BD8244BE2BD64102976A4340F</source_id>
   </Item>
   <Item type="Can Add" id="9CC0E643E619419C8441E967BDCF7D0B" action="add">
    <can_add>1</can_add>
    <related_id keyed_name="Teacher" type="Identity">72FE0DEC0C74412291CD71C88A323BFB</related_id>
    <sort_order>384</sort_order>
    <source_id keyed_name="Student Mark" type="ItemType" name="Student Mark">6B93DA5BD8244BE2BD64102976A4340F</source_id>
   </Item>
   <Item type="Can Add" id="B61A05C88BCE46F3B210DD462C58B49B" action="add">
    <can_add>1</can_add>
    <related_id keyed_name="Principal" type="Identity">1179A2AC91254D92BF6511454CE5F9F5</related_id>
    <sort_order>512</sort_order>
    <source_id keyed_name="Student Mark" type="ItemType" name="Student Mark">6B93DA5BD8244BE2BD64102976A4340F</source_id>
   </Item>
   <Item type="Can Add" id="BE025AF58FC74873B432AB7C5C4FD280" action="add">
    <can_add>0</can_add>
    <related_id keyed_name="World" type="Identity">
     <Item type="Identity" action="get" select="id">
      <name>World</name>
     </Item>
    </related_id>
    <sort_order>640</sort_order>
    <source_id keyed_name="Student Mark" type="ItemType" name="Student Mark">6B93DA5BD8244BE2BD64102976A4340F</source_id>
   </Item>
   <Item type="Allowed Permission" id="73ED9044F90F437F9AED98585B89014A" action="add">
    <is_default>0</is_default>
    <related_id keyed_name="Default Access" type="Permission">9122CD065CF04141B8EFE263FC80BEA4</related_id>
    <sort_order>256</sort_order>
    <source_id keyed_name="Student Mark" type="ItemType" name="Student Mark">6B93DA5BD8244BE2BD64102976A4340F</source_id>
   </Item>
   <Item type="Allowed Permission" id="47B952DB958B4AFE9FADB8A97749E897" action="add">
    <is_default>1</is_default>
    <related_id keyed_name="Student Mark" type="Permission">E0B9DFCAA9844130A3F052F554CB8D9B</related_id>
    <sort_order>384</sort_order>
    <source_id keyed_name="Student Mark" type="ItemType" name="Student Mark">6B93DA5BD8244BE2BD64102976A4340F</source_id>
   </Item>
  </Relationships>
 </Item>
</AML>