﻿<AML>
 <Item type="ItemType" id="8E4501618F144F7D9B2D04E91ED26FF9" action="add">
  <allow_private_permission>1</allow_private_permission>
  <auto_search>1</auto_search>
  <enforce_discovery>1</enforce_discovery>
  <hide_where_used>0</hide_where_used>
  <history_template keyed_name="Default" type="History Template">3BC16EF9E52B4F9792AB76BCE0492F29</history_template>
  <implementation_type>table</implementation_type>
  <instance_data>STUDENT</instance_data>
  <is_dependent>0</is_dependent>
  <is_relationship>0</is_relationship>
  <is_versionable>0</is_versionable>
  <label xml:lang="en">Student</label>
  <label_plural xml:lang="en">Students</label_plural>
  <large_icon>../Images/ClaimedByMe.svg</large_icon>
  <open_icon>../Images/ClaimedByMe.svg</open_icon>
  <revisions keyed_name="Default" type="Revision">7FE395DD8B9F4E1090756A34B733D75E</revisions>
  <show_parameters_tab>1</show_parameters_tab>
  <structure_view>tabs on</structure_view>
  <unlock_on_logout>0</unlock_on_logout>
  <use_src_access>0</use_src_access>
  <name>Student</name>
  <Relationships>
   <Item type="ITPresentationConfiguration" id="6F69255B8979E4396B77D6069BFA2DFF" action="add">
    <client>js</client>
    <related_id keyed_name="Student_TOC_Configuration" type="PresentationConfiguration">6F69255B8979E43936326AA7318BB90D</related_id>
    <sort_order>128</sort_order>
    <source_id keyed_name="Student" type="ItemType" name="Student">8E4501618F144F7D9B2D04E91ED26FF9</source_id>
   </Item>
   <Item type="Property" id="A9E0C4457F934DDEBA05D7A9F42A9439" action="add">
    <column_alignment>left</column_alignment>
    <data_type>text</data_type>
    <is_hidden>0</is_hidden>
    <is_hidden2>0</is_hidden2>
    <is_indexed>0</is_indexed>
    <is_keyed>0</is_keyed>
    <is_multi_valued>0</is_multi_valued>
    <is_required>0</is_required>
    <label xml:lang="en">Address</label>
    <range_inclusive>0</range_inclusive>
    <readonly>0</readonly>
    <sort_order>4352</sort_order>
    <source_id keyed_name="Student" type="ItemType" name="Student">8E4501618F144F7D9B2D04E91ED26FF9</source_id>
    <track_history>0</track_history>
    <name>stud_address</name>
   </Item>
   <Item type="Property" id="A3C1E4D3EE17447D9CC2CA7137E18245" action="add">
    <column_alignment>left</column_alignment>
    <data_type>ml_string</data_type>
    <is_hidden>0</is_hidden>
    <is_hidden2>0</is_hidden2>
    <is_indexed>0</is_indexed>
    <is_keyed>0</is_keyed>
    <is_multi_valued>0</is_multi_valued>
    <is_required>0</is_required>
    <label xml:lang="en">Email Adress</label>
    <range_inclusive>0</range_inclusive>
    <readonly>0</readonly>
    <sort_order>3840</sort_order>
    <source_id keyed_name="Student" type="ItemType" name="Student">8E4501618F144F7D9B2D04E91ED26FF9</source_id>
    <stored_length>50</stored_length>
    <track_history>0</track_history>
    <name>stud_email</name>
   </Item>
   <Item type="Property" id="3ADB6D1FFAFA4D7E87B62E2BEFE730A8" action="add">
    <column_alignment>left</column_alignment>
    <data_type>string</data_type>
    <is_hidden>0</is_hidden>
    <is_hidden2>0</is_hidden2>
    <is_indexed>0</is_indexed>
    <is_keyed>0</is_keyed>
    <is_multi_valued>0</is_multi_valued>
    <is_required>0</is_required>
    <label xml:lang="en">grade</label>
    <range_inclusive>0</range_inclusive>
    <readonly>0</readonly>
    <sort_order>4224</sort_order>
    <source_id keyed_name="Student" type="ItemType" name="Student">8E4501618F144F7D9B2D04E91ED26FF9</source_id>
    <stored_length>20</stored_length>
    <track_history>0</track_history>
    <name>stud_grade</name>
   </Item>
   <Item type="Property" id="06317ABE26FC49FF9D4B8EA60D29E705" action="add">
    <column_alignment>left</column_alignment>
    <data_type>string</data_type>
    <is_hidden>0</is_hidden>
    <is_hidden2>0</is_hidden2>
    <is_indexed>0</is_indexed>
    <is_keyed>0</is_keyed>
    <is_multi_valued>0</is_multi_valued>
    <is_required>0</is_required>
    <label xml:lang="en">Mobile Number</label>
    <range_inclusive>0</range_inclusive>
    <readonly>0</readonly>
    <sort_order>3712</sort_order>
    <source_id keyed_name="Student" type="ItemType" name="Student">8E4501618F144F7D9B2D04E91ED26FF9</source_id>
    <stored_length>10</stored_length>
    <track_history>0</track_history>
    <name>stud_mobileno</name>
   </Item>
   <Item type="Property" id="2C0FFAD74D0E4D4BA947A616F4641385" action="add">
    <column_alignment>left</column_alignment>
    <data_type>string</data_type>
    <is_hidden>0</is_hidden>
    <is_hidden2>0</is_hidden2>
    <is_indexed>0</is_indexed>
    <is_keyed>0</is_keyed>
    <is_multi_valued>0</is_multi_valued>
    <is_required>0</is_required>
    <keyed_name_order>1</keyed_name_order>
    <label xml:lang="en">Student Name</label>
    <range_inclusive>0</range_inclusive>
    <readonly>0</readonly>
    <sort_order>3456</sort_order>
    <source_id keyed_name="Student" type="ItemType" name="Student">8E4501618F144F7D9B2D04E91ED26FF9</source_id>
    <stored_length>100</stored_length>
    <track_history>0</track_history>
    <name>stud_name</name>
   </Item>
   <Item type="Property" id="36A5710D683245CFA551BE43B7E8F155" action="add">
    <column_alignment>left</column_alignment>
    <data_type>string</data_type>
    <is_hidden>0</is_hidden>
    <is_hidden2>0</is_hidden2>
    <is_indexed>0</is_indexed>
    <is_keyed>0</is_keyed>
    <is_multi_valued>0</is_multi_valued>
    <is_required>1</is_required>
    <label xml:lang="en">Parent</label>
    <range_inclusive>0</range_inclusive>
    <readonly>0</readonly>
    <sort_order>3584</sort_order>
    <source_id keyed_name="Student" type="ItemType" name="Student">8E4501618F144F7D9B2D04E91ED26FF9</source_id>
    <stored_length>50</stored_length>
    <track_history>0</track_history>
    <name>stud_parent</name>
   </Item>
   <Item type="Property" id="D8B0175EBA6E400384BAB0F5982F82D8" action="add">
    <column_alignment>left</column_alignment>
    <data_type>decimal</data_type>
    <is_hidden>0</is_hidden>
    <is_hidden2>0</is_hidden2>
    <is_indexed>0</is_indexed>
    <is_keyed>0</is_keyed>
    <is_multi_valued>0</is_multi_valued>
    <is_required>0</is_required>
    <label xml:lang="en">Percentage</label>
    <range_inclusive>0</range_inclusive>
    <readonly>0</readonly>
    <sort_order>4096</sort_order>
    <source_id keyed_name="Student" type="ItemType" name="Student">8E4501618F144F7D9B2D04E91ED26FF9</source_id>
    <track_history>0</track_history>
    <name>stud_percentage</name>
   </Item>
   <Item type="Property" id="AC3834CC7A964AA4A379A15222422B49" action="add">
    <column_alignment>left</column_alignment>
    <data_type>string</data_type>
    <is_hidden>0</is_hidden>
    <is_hidden2>0</is_hidden2>
    <is_indexed>0</is_indexed>
    <is_keyed>0</is_keyed>
    <is_multi_valued>0</is_multi_valued>
    <is_required>0</is_required>
    <label xml:lang="en">Student Rollno</label>
    <range_inclusive>0</range_inclusive>
    <readonly>0</readonly>
    <sort_order>3968</sort_order>
    <source_id keyed_name="Student" type="ItemType" name="Student">8E4501618F144F7D9B2D04E91ED26FF9</source_id>
    <stored_length>120</stored_length>
    <track_history>0</track_history>
    <name>stud_rollno</name>
   </Item>
   <Item type="View" id="B82914491991441F8EE8C03211615315" action="add">
    <client>js</client>
    <related_id keyed_name="Student" type="Form">B34D6376DC9048508CCFA4469BF16A6C</related_id>
    <role keyed_name="World" type="Identity">
     <Item type="Identity" action="get" select="id">
      <name>World</name>
     </Item>
    </role>
    <show_ssvc>0</show_ssvc>
    <sort_order>128</sort_order>
    <source_id keyed_name="Student" type="ItemType" name="Student">8E4501618F144F7D9B2D04E91ED26FF9</source_id>
    <type>default</type>
   </Item>
   <Item type="Server Event" id="83508FB9FF2B47EC8B64005EA83E55E5" action="add">
    <event_version>version_1</event_version>
    <is_required>0</is_required>
    <related_id keyed_name="Email" type="Method">
     <Item type="Method" action="get" select="id">
      <name>Email</name>
     </Item>
    </related_id>
    <server_event>onAfterAdd</server_event>
    <sort_order>128</sort_order>
    <source_id keyed_name="Student" type="ItemType" name="Student">8E4501618F144F7D9B2D04E91ED26FF9</source_id>
   </Item>
   <Item type="Server Event" id="68C1C35AD2124FCCA2CD391C748DF202" action="add">
    <event_version>version_1</event_version>
    <is_required>0</is_required>
    <related_id keyed_name="student mobile" type="Method">
     <Item type="Method" action="get" select="id">
      <name>student mobile</name>
     </Item>
    </related_id>
    <server_event>onAfterAdd</server_event>
    <sort_order>256</sort_order>
    <source_id keyed_name="Student" type="ItemType" name="Student">8E4501618F144F7D9B2D04E91ED26FF9</source_id>
   </Item>
   <Item type="Item Action" id="53410C0B767E4006A130E109F00800BC" action="add">
    <related_id keyed_name="Calculator" type="Action">80429278D559450DB70E7FC2A2D26279</related_id>
    <sort_order>128</sort_order>
    <source_id keyed_name="Student" type="ItemType" name="Student">8E4501618F144F7D9B2D04E91ED26FF9</source_id>
   </Item>
   <Item type="ItemType Life Cycle" id="635C480E88014F03BA5619123840BA9A" action="add">
    <related_id keyed_name="Student" type="Life Cycle Map">68F6F5106D5D4A86B6DA28873E6E0B1D</related_id>
    <sort_order>128</sort_order>
    <source_id keyed_name="Student" type="ItemType" name="Student">8E4501618F144F7D9B2D04E91ED26FF9</source_id>
   </Item>
   <Item type="Allowed Workflow" id="0035EB6AB77244E3986CCEC703B5C967" action="add">
    <is_default>1</is_default>
    <related_id keyed_name="Student" type="Workflow Map">43C0794F405043EDB7E1B71E377BECC0</related_id>
    <sort_order>128</sort_order>
    <source_id keyed_name="Student" type="ItemType" name="Student">8E4501618F144F7D9B2D04E91ED26FF9</source_id>
   </Item>
   <Item type="TOC Access" id="4020196A307F415DA6D6E754EB82C83B" action="add">
    <related_id keyed_name="Office  staff" type="Identity">01FA75E4277043E98885A65E5F0D607D</related_id>
    <sort_order>256</sort_order>
    <source_id keyed_name="Student" type="ItemType" name="Student">8E4501618F144F7D9B2D04E91ED26FF9</source_id>
   </Item>
   <Item type="TOC Access" id="EBD866D72DA34CB594A97989A09AB2AB" action="add">
    <related_id keyed_name="Office staff" type="Identity">4977122AC46444A783F074BC704F191C</related_id>
    <sort_order>384</sort_order>
    <source_id keyed_name="Student" type="ItemType" name="Student">8E4501618F144F7D9B2D04E91ED26FF9</source_id>
   </Item>
   <Item type="TOC Access" id="F15C5306BE4246028943F23A9481AF4B" action="add">
    <related_id keyed_name="Principal" type="Identity">1179A2AC91254D92BF6511454CE5F9F5</related_id>
    <sort_order>128</sort_order>
    <source_id keyed_name="Student" type="ItemType" name="Student">8E4501618F144F7D9B2D04E91ED26FF9</source_id>
   </Item>
   <Item type="TOC View" id="9609D0A4C9604822BCC775B0B9855F89" action="add">
    <related_id keyed_name="Office  staff" type="Identity">01FA75E4277043E98885A65E5F0D607D</related_id>
    <sort_order>128</sort_order>
    <source_id keyed_name="Student" type="ItemType" name="Student">8E4501618F144F7D9B2D04E91ED26FF9</source_id>
   </Item>
   <Item type="TOC View" id="7722A49B5A0441CB8A6D631C6E84E741" action="add">
    <related_id keyed_name="Office staff" type="Identity">4977122AC46444A783F074BC704F191C</related_id>
    <sort_order>256</sort_order>
    <source_id keyed_name="Student" type="ItemType" name="Student">8E4501618F144F7D9B2D04E91ED26FF9</source_id>
   </Item>
   <Item type="TOC View" id="B9B6C0821973450C876CB264ED085B58" action="add">
    <related_id keyed_name="Principal" type="Identity">1179A2AC91254D92BF6511454CE5F9F5</related_id>
    <sort_order>384</sort_order>
    <source_id keyed_name="Student" type="ItemType" name="Student">8E4501618F144F7D9B2D04E91ED26FF9</source_id>
   </Item>
   <Item type="Client Event" id="D2198FBB962E4D47990A8F1462E8FE1E" action="add">
    <related_id keyed_name="Percent Calculator" type="Method">
     <Item type="Method" action="get" select="id">
      <name>Percent Calculator</name>
     </Item>
    </related_id>
    <sort_order>128</sort_order>
    <source_id keyed_name="Student" type="ItemType" name="Student">8E4501618F144F7D9B2D04E91ED26FF9</source_id>
   </Item>
   <Item type="Can Add" id="ADD810FBA4FE4A07958D760A357537D8" action="add">
    <can_add>1</can_add>
    <related_id keyed_name="Office staff" type="Identity">4977122AC46444A783F074BC704F191C</related_id>
    <sort_order>384</sort_order>
    <source_id keyed_name="Student" type="ItemType" name="Student">8E4501618F144F7D9B2D04E91ED26FF9</source_id>
   </Item>
   <Item type="Can Add" id="E93A36DCD7EB4EC1A662181068528270" action="add">
    <can_add>1</can_add>
    <related_id keyed_name="Principal" type="Identity">1179A2AC91254D92BF6511454CE5F9F5</related_id>
    <sort_order>512</sort_order>
    <source_id keyed_name="Student" type="ItemType" name="Student">8E4501618F144F7D9B2D04E91ED26FF9</source_id>
   </Item>
   <Item type="Can Add" id="8FFC84C6BBD249B6A349BD3E729B8F46" action="add">
    <can_add>1</can_add>
    <related_id keyed_name="Student " type="Identity">C135BD3AC6594F32A5AF5F5354719746</related_id>
    <sort_order>640</sort_order>
    <source_id keyed_name="Student" type="ItemType" name="Student">8E4501618F144F7D9B2D04E91ED26FF9</source_id>
   </Item>
   <Item type="Can Add" id="AA7C2E53FD8748F290CFDD837A0738EC" action="add">
    <can_add>0</can_add>
    <related_id keyed_name="World" type="Identity">
     <Item type="Identity" action="get" select="id">
      <name>World</name>
     </Item>
    </related_id>
    <sort_order>768</sort_order>
    <source_id keyed_name="Student" type="ItemType" name="Student">8E4501618F144F7D9B2D04E91ED26FF9</source_id>
   </Item>
   <Item type="Allowed Permission" id="8F76399EA84940F685F1BFAC860AAAEF" action="add">
    <is_default>1</is_default>
    <related_id keyed_name="Student" type="Permission">2CE26FFF19D64635A92C78AEB59B67C2</related_id>
    <sort_order>128</sort_order>
    <source_id keyed_name="Student" type="ItemType" name="Student">8E4501618F144F7D9B2D04E91ED26FF9</source_id>
   </Item>
   <Item type="Allowed Permission" id="5628AD05404C4677A72829C3892768DB" action="add">
    <is_default>0</is_default>
    <related_id keyed_name="Default Access" type="Permission">9122CD065CF04141B8EFE263FC80BEA4</related_id>
    <sort_order>768</sort_order>
    <source_id keyed_name="Student" type="ItemType" name="Student">8E4501618F144F7D9B2D04E91ED26FF9</source_id>
   </Item>
  </Relationships>
 </Item>
</AML>